,precision,recall,f1-score,support
positive,0.799565453557849,0.8177777777777778,0.8085690744301016,1800.0
negative,0.825531914893617,0.7544444444444445,0.788388969521045,1800.0
neutral,0.7586993725042784,0.811470408785845,0.7841981132075472,1639.0
accuracy,0.794044665012407,0.794044665012407,0.794044665012407,0.794044665012407
macro avg,0.7945989136519148,0.7945642103360225,0.7937187190528979,5239.0
weighted avg,0.7957021444449611,0.794044665012407,0.794011297319953,5239.0
