,precision,recall,f1-score,support
positive,0.8174518201284796,0.8483333333333334,0.8326063249727372,1800.0
negative,0.8396111786148238,0.7677777777777778,0.8020893789901334,1800.0
neutral,0.7808695652173913,0.8218425869432581,0.8008323424494649,1639.0
accuracy,0.8123687726665394,0.8123687726665394,0.8123687726665394,0.8123687726665394
macro avg,0.8126441879868982,0.8126512326847898,0.8118426821374451,5239.0
weighted avg,0.8136206556841478,0.8123687726665394,0.8121810414979652,5239.0
