,precision,recall,f1-score,support
positive,0.7955625990491284,0.8366666666666667,0.8155970755483347,1800.0
negative,0.7832020997375329,0.8288888888888889,0.8053981106612685,1800.0
neutral,0.8126301179736294,0.7144600366076876,0.7603896103896104,1639.0
accuracy,0.7957625501049819,0.7957625501049819,0.7957625501049819,0.7957625501049819
macro avg,0.7971316055867635,0.7933385307210811,0.793794932199738,5239.0
weighted avg,0.7966553199417385,0.7957625501049819,0.7948215129997818,5239.0
