,precision,recall,f1-score,support
positive,0.8452787258248009,0.8255555555555556,0.835300730747611,1800.0
negative,0.8278367803242035,0.8227777777777778,0.8252995263304541,1800.0
neutral,0.799645390070922,0.825503355704698,0.8123686580606424,1639.0
accuracy,0.824584844435961,0.824584844435961,0.824584844435961,0.824584844435961
macro avg,0.8242536320733088,0.8246122296793438,0.8243229717129026,5239.0
weighted avg,0.8250098693251477,0.824584844435961,0.8246903403897519,5239.0
