,precision,recall,f1-score,support
positive,0.8592289719626168,0.8172222222222222,0.8376993166287016,1800.0
negative,0.8220720720720721,0.8111111111111111,0.8165548098434005,1800.0
neutral,0.7641347801256425,0.8163514338010982,0.7893805309734513,1639.0
accuracy,0.8148501622447032,0.8148501622447032,0.8148501622447032,0.8148501622447032
macro avg,0.8151452747201104,0.8148949223781439,0.8145448858151845,5239.0
weighted avg,0.8167128810628685,0.8148501622447032,0.8153182130015787,5239.0
